{
    "mean": [
        -0.11710868810735767,
        -0.10988203522674693,
        -0.14209954158954197,
        -0.01175540837575194,
        -0.3002866872975475,
        0.15873358688107356
    ],
    "scale": [
        7.914804623887756,
        10.348630850347556,
        9.075564912636874,
        8.694237878816073,
        9.319317917058862,
        13.493363367102186
    ]
}